id,DateTime,DateTimeUTC,driver,device,status,origin,state,malfunction,version,sequence,eventRecordStatus,eventCode,eventType,deferralStatus,deferralMinutes,isIgnored,eventCheckSum,isTransitioning
aHrdqgfe39EqjwFjsksHJ8w,2024-05-21 21:47,2024-05-22 01:47:49.027000+00:00,b1A,b16,OFF,Manual,Active,None,000000000073485f,00000000000046fb,1,1,1,None,0,FALSE,00000000000000fe,FALSE
azlxmnGFB4EmT5vckCIpmiA,2024-05-21 15:07,2024-05-21 19:07:45.313000+00:00,b1B,b19,OFF,Manual,Active,None,000000000072cef0,00000000000090f7,1,1,1,None,0,FALSE,000000000000009e,FALSE
a5nURC6poZ0G3jQUymtB_5w,2024-05-21 18:14,2024-05-21 22:14:45.060000+00:00,b1B,b19,OFF,Manual,Active,None,000000000072cef1,00000000000090f9,1,1,1,None,0,FALSE,00000000000000de,FALSE
ayTlXFcKdV0G3cGiFkEK9AQ,2024-05-21 18:21,2024-05-21 22:21:06.557000+00:00,b1B,b19,OFF,Manual,Active,None,000000000072cef3,00000000000090fc,1,1,1,None,0,FALSE,0000000000000037,FALSE
a0Lb3a5KLNkKYKzbtUnTBLQ,2024-05-21 18:39,2024-05-21 22:39:43.500000+00:00,b1B,b19,OFF,Manual,Active,None,000000000072cef4,00000000000090fd,1,1,1,None,0,FALSE,0000000000000086,FALSE
a3j803SF97ke6MDq6ev8YFw,2024-05-21 18:46,2024-05-21 22:46:16.863000+00:00,b1B,b19,OFF,Manual,Active,None,000000000072cef6,0000000000009100,1,1,1,None,0,FALSE,00000000000000f6,FALSE
asdACh8ksuk6Q2TbFHtil4w,2024-05-21 22:12,2024-05-22 02:12:25.560000+00:00,b1B,b19,OFF,Manual,Active,None,000000000072cef9,0000000000009109,1,1,1,None,0,FALSE,0000000000000037,FALSE
ayQewZVIzQ0aF1BftR70p_Q,2024-05-22 2:27,2024-05-22 06:27:46.263000+00:00,b1B,b19,OFF,Manual,Active,None,000000000072cf87,000000000000912d,1,1,1,None,0,FALSE,000000000000009e,FALSE
aZOzFoIUBfEqVuAYIIkfA2Q,2024-05-22 12:39,2024-05-22 16:39:09.533000+00:00,b1B,b19,OFF,Manual,Active,None,000000000072f568,0000000000009131,1,1,1,None,0,FALSE,00000000000000b6,FALSE
aYBGGaCq9CEauku-iCQ2rjw,2024-05-22 15:45,2024-05-22 19:45:23.623000+00:00,b1B,b19,OFF,Manual,Active,None,000000000072f88f,0000000000009133,1,1,1,None,0,FALSE,0000000000000096,FALSE
aVsGTY7_czEejchyGyWhYJg,2024-05-22 15:52,2024-05-22 19:52:27.587000+00:00,b1B,b19,OFF,Manual,Active,None,000000000072f8ca,0000000000009136,1,1,1,None,0,FALSE,00000000000000a6,FALSE
a8e9VYAp190OaGfcqvl1wLg,2024-05-22 16:03,2024-05-22 20:03:57.253000+00:00,b1B,b19,OFF,Manual,Active,None,000000000072f905,0000000000009137,1,1,1,None,0,FALSE,00000000000000de,FALSE
azmqqfKUBn0iD9xryE6D_qg,2024-05-22 16:10,2024-05-22 20:10:26.593000+00:00,b1B,b19,OFF,Manual,Active,None,000000000072f93e,000000000000913a,1,1,1,None,0,FALSE,000000000000002f,FALSE
asRkZ3LGx80OEE5admdxK5w,2024-05-22 18:15,2024-05-22 22:15:54.223000+00:00,b1B,b19,OFF,Manual,Active,None,000000000072fbe0,000000000000913f,1,1,1,None,0,FALSE,00000000000000ee,FALSE
aKit6fkjNX0-pd9aT6xptiw,2024-05-22 20:24,2024-05-23 00:24:08.263000+00:00,b1B,b19,OFF,Manual,Active,None,00000000007302dc,0000000000009144,1,1,1,None,0,FALSE,00000000000000ce,FALSE
aSgEi7DgCgE6mfbgt_ffDCw,2024-05-23 6:04,2024-05-23 10:04:56.560000+00:00,b1B,NoDeviceId,OFF,Manual,Active,None,0000000000732dbd,000000000001fd79,1,1,1,None,0,FALSE,00000000000000e0,FALSE
a7rk6BIckLU2ApiCx6QLGTA,2024-05-22 23:44,2024-05-23 03:44:57.733000+00:00,b1C,NoDeviceId,OFF,Manual,Active,None,0000000000730fd4,000000000001fd30,1,1,1,None,0,FALSE,00000000000000d8,FALSE
aBKqPMzEYaUmlayIrvAwXBg,2024-05-22 7:04,2024-05-22 11:04:40.303000+00:00,b1F,NoDeviceId,OFF,Manual,Active,None,000000000072e1ea,000000000001fc34,1,1,1,None,0,FALSE,0000000000000032,FALSE
acxjbagaRuESqrnusoxolnw,2024-05-23 8:43,2024-05-23 12:43:57.025000+00:00,b1F,NoDeviceId,OFF,Manual,Active,None,0000000000733bb7,000000000001fda5,1,1,1,None,0,FALSE,00000000000000d8,FALSE
a7n-TFg6yuECozMbRqWKahA,2024-05-21 8:25,2024-05-21 12:25:52+00:00,b21,b15F,OFF,Manual,Active,None,000000000072ca2e,0000000000004321,1,1,1,None,0,FALSE,00000000000000e6,FALSE
aofvM4KeAEkqeWS30GdKTQg,2024-05-21 12:02,2024-05-21 16:02:10.007000+00:00,b21,b15F,OFF,Manual,Active,None,000000000072ca2f,0000000000004323,1,1,1,None,0,FALSE,000000000000002f,FALSE
aEfmh5pLU4km95VVfZLVHgQ,2024-05-22 2:53,2024-05-22 06:53:38.013000+00:00,b21,b15F,OFF,Manual,Active,None,0000000000731607,0000000000004347,1,1,1,None,0,FALSE,00000000000000ae,FALSE
arXlAZCzd-02uNuwp6QZ9LQ,2024-05-22 7:54,2024-05-22 11:54:49+00:00,b21,b15F,OFF,Manual,Active,None,0000000000731613,0000000000004348,1,1,1,None,0,FALSE,00000000000000a6,FALSE
aZWZMzgJw50CytZrODddVVw,2024-05-22 7:43,2024-05-22 11:43:09.530000+00:00,b2D,b3D,OFF,Manual,Active,None,000000000072e7e0,00000000000058bb,1,1,1,None,0,FALSE,0000000000000066,FALSE
ago9dUZLDwUujFDKTGMnJQw,2024-05-23 2:36,2024-05-23 06:36:14.643000+00:00,b2D,b3D,OFF,Manual,Active,None,0000000000732156,00000000000058d0,1,1,1,None,0,FALSE,000000000000007e,FALSE
aAuIlIud58kueZZE7I2GpMg,2024-05-21 8:05,2024-05-21 12:05:33.910000+00:00,b2E,NoDeviceId,OFF,Manual,Active,None,0000000000729efb,000000000001fb0e,1,1,1,None,0,FALSE,0000000000000090,FALSE
aVyNHIhXc7EKBDGuz5y6lBA,2024-05-22 6:21,2024-05-22 10:21:48.283000+00:00,b2E,NoDeviceId,OFF,Manual,Active,None,000000000072de98,000000000001fc2d,1,1,1,None,0,FALSE,00000000000000a8,FALSE
aCYh3Y629F0KFutCppzMKmw,2024-05-23 4:03,2024-05-23 08:03:21.820000+00:00,b33,NoDeviceId,OFF,Manual,Active,None,00000000007324c7,000000000001fd60,1,1,1,None,0,FALSE,0000000000000052,FALSE
aTfjPrcJcCEWF7OzavJbvtg,2024-05-21 15:13,2024-05-21 19:13:04.577000+00:00,b4A,b8A,OFF,Manual,Active,None,000000000072aa11,0000000000005f4e,1,1,1,None,0,FALSE,0000000000000066,FALSE
aLzVfkGDW302YEULLjFNnTQ,2024-05-21 15:05,2024-05-21 19:05:16.077000+00:00,b52,b14A,OFF,Manual,Active,None,000000000072a961,0000000000001f2a,1,1,1,None,0,FALSE,00000000000000fe,FALSE
as4V1j5j1J0yNjzuwIrVv8w,2024-05-22 8:47,2024-05-22 12:47:41.657000+00:00,b52,b14A,OFF,Manual,Active,None,000000000072e9e7,0000000000001f3a,1,1,1,None,0,FALSE,00000000000000ee,FALSE
aQLOMl_gPAkWY0N8S5YEf4A,2024-05-23 8:17,2024-05-23 12:17:34.800000+00:00,b52,b14A,OFF,Manual,Active,None,0000000000733c7c,0000000000001f6b,1,1,1,None,0,FALSE,00000000000000ee,FALSE
a90iABXxrwkGSHIxa8IlLeA,2024-05-21 18:40,2024-05-21 22:40:04.120000+00:00,b7B,b327,OFF,Manual,Active,None,000000000072ad8a,0000000000003d35,1,1,1,None,0,FALSE,00000000000000ee,FALSE
aFT8coLU3M0uExH_IT67Xug,2024-05-22 18:49,2024-05-22 22:49:42.063000+00:00,b7B,NoDeviceId,OFF,Manual,Active,None,000000000072fc92,000000000001fd0a,1,1,1,None,0,FALSE,00000000000000a9,FALSE
aBvSyG1AciE2EJ5N8X4kYhQ,2024-05-21 17:29,2024-05-21 21:29:00.037000+00:00,bA2,b3,OFF,Manual,Active,None,000000000072d02a,00000000000063ba,1,1,1,None,0,FALSE,0000000000000007,FALSE
akecqcQE9Ikea6ZicIWS-qQ,2024-05-22 9:11,2024-05-22 13:11:37.733000+00:00,bA2,b3,OFF,Manual,Active,None,000000000072ed75,00000000000063db,1,1,1,None,0,FALSE,000000000000001f,FALSE
ampFtlLFXkk2TaqXFq0aZ0g,2024-05-21 22:48,2024-05-22 02:48:43.630000+00:00,bA5,b4F,OFF,Manual,Active,None,000000000072c177,0000000000001ee1,1,1,1,None,0,FALSE,0000000000000016,FALSE
aKpBAqrDYZ0eiBcM9kqIuAg,2024-05-22 3:19,2024-05-22 07:19:38.233000+00:00,bA5,b4F,OFF,Manual,Active,None,000000000072d3c3,0000000000001f03,1,1,1,None,0,FALSE,00000000000000cd,FALSE
aViNHrNAfs0iuCEW3R8iaYA,2024-05-23 5:21,2024-05-23 09:21:00.097000+00:00,bA5,b4F,OFF,Manual,Active,None,0000000000732d39,0000000000001f39,1,1,1,None,0,FALSE,0000000000000056,FALSE
aS8394zbZuEmylte4Du7KYw,2024-05-21 10:26,2024-05-21 14:26:14.490000+00:00,bA6,b45,OFF,Manual,Active,None,000000000072a405,0000000000003b5b,1,1,1,None,0,FALSE,00000000000000f6,FALSE
aSPGd5cctu0SAJBd00vmh8g,2024-05-22 17:34,2024-05-22 21:34:10.297000+00:00,bA6,b7F,OFF,Manual,Active,None,000000000072fac8,0000000000006720,1,1,1,None,0,FALSE,0000000000000066,FALSE
akOAlIRgAyUSb8ntjLyW1ZQ,2024-05-21 9:08,2024-05-21 13:08:25.843000+00:00,bAC,NoDeviceId,OFF,Manual,Active,None,000000000072fdaa,000000000001fb29,1,1,1,None,0,FALSE,0000000000000078,FALSE
a3SfpgEpmL0yB22HBZUMrBw,2024-05-22 7:40,2024-05-22 11:40:00+00:00,bAC,NoDeviceId,OFF,Manual,Active,None,000000000073261a,000000000001fd18,1,1,1,None,0,FALSE,00000000000000f9,FALSE
aBx-vRw_7TE24H45Q1kYuAw,2024-05-23 4:32,2024-05-23 08:32:24.907000+00:00,bAC,NoDeviceId,OFF,Manual,Active,None,00000000007326b3,000000000001fd66,1,1,1,None,0,FALSE,0000000000000008,FALSE
a7kMF7xnIp0mojxYVHZSYVQ,2024-05-22 8:45,2024-05-22 12:45:45.747000+00:00,bAD,NoDeviceId,OFF,Manual,Active,None,000000000072e969,000000000001fc51,1,1,1,None,0,FALSE,00000000000000c7,FALSE
aA6zOxJOBc024JIAIhDT2Ow,2024-05-23 2:29,2024-05-23 06:29:15.970000+00:00,bAD,b14,OFF,Manual,Active,None,0000000000731e2e,000000000000457e,1,1,1,None,0,FALSE,000000000000007e,FALSE
aUwptlufgA0eZjK05uXsj7g,2024-05-23 2:30,2024-05-23 06:30:03.870000+00:00,bAD,b14,OFF,Manual,Active,None,0000000000731e36,0000000000004582,1,1,1,None,0,FALSE,00000000000000a6,FALSE
a54ZfIS3OgEG_21NF9NGOSg,2024-05-22 3:26,2024-05-22 07:26:51.863000+00:00,bAE,b1,OFF,Manual,Active,None,0000000000732a4d,0000000000005f5d,1,1,1,None,0,FALSE,000000000000004e,FALSE
aY-84NZ37cEuZub39c47H7g,2024-05-23 5:17,2024-05-23 09:17:16.587000+00:00,bAE,b1,OFF,Manual,Active,None,0000000000732a5f,0000000000005f92,1,1,1,None,0,FALSE,000000000000006e,FALSE
aRln-0wMZ906UKk5MTdE_oQ,2024-05-21 8:08,2024-05-21 12:08:21.229000+00:00,bB1,b161,OFF,Manual,Active,None,000000000072a7a5,00000000000060fa,1,1,1,None,0,FALSE,000000000000002f,FALSE
asdIqLQZ4kk6QyvMafsNywQ,2024-05-21 11:28,2024-05-21 15:28:55.528000+00:00,bB1,b161,OFF,Manual,Active,None,000000000072a7a9,0000000000006100,1,1,1,None,0,FALSE,000000000000008e,FALSE
a-XfH5r2FY0m08iN13P5iPQ,2024-05-21 11:34,2024-05-21 15:34:53.050000+00:00,bB1,b161,OFF,Manual,Active,None,000000000072a7ac,0000000000006105,1,1,1,None,0,FALSE,00000000000000e6,FALSE
aBk5fO0NX80qcbDf68XGbKQ,2024-05-21 13:18,2024-05-21 17:18:42.648000+00:00,bB1,NoDeviceId,OFF,Manual,Active,None,000000000072a7b3,000000000001fb67,1,1,1,None,0,FALSE,00000000000000c8,FALSE
aJq-4PRg5ZUyX9kA1AlOnWw,2024-05-22 10:47,2024-05-22 14:47:19.628000+00:00,bB1,b37,OFF,Manual,Active,None,000000000072f8a6,00000000000044d6,1,1,1,None,0,FALSE,00000000000000a6,FALSE
awOS2LPKI8ky4h2jZTCOIKQ,2024-05-22 15:47,2024-05-22 19:47:53.177000+00:00,bB1,NoDeviceId,OFF,Manual,Active,None,000000000072f8b1,000000000001fcb7,1,1,1,None,0,FALSE,0000000000000088,FALSE
actXcTUyyX0OzGx7N4d7mEw,2024-05-22 15:48,2024-05-22 19:48:15.414000+00:00,bB1,NoDeviceId,OFF,Manual,Active,None,000000000072f8b3,000000000001fcb9,1,1,1,None,0,FALSE,0000000000000080,FALSE
aSV-b0N0qHEyTM1AFB8TrJA,2024-05-22 13:23,2024-05-22 17:23:09.024000+00:00,bB1,b37,OFF,Manual,Active,None,000000000072f94f,00000000000044e3,1,1,1,None,0,FALSE,0000000000000086,FALSE
aFO1UTlVD-0-ZnRhfr-deUg,2024-05-23 10:42,2024-05-23 14:42:46.802000+00:00,bB1,b2A,OFF,Manual,Active,None,0000000000734402,0000000000001996,1,1,1,None,0,FALSE,000000000000004e,FALSE
agYYWLi-S7ki5jHHx2WGiPQ,2024-05-23 10:46,2024-05-23 14:46:32.975000+00:00,bB1,b2A,OFF,Manual,Active,None,0000000000734472,0000000000001998,1,1,1,None,0,FALSE,0000000000000046,FALSE
auUY-Ieb4WUiXkRDqKsy9Bw,2024-05-21 20:12,2024-05-22 00:12:15.757000+00:00,bB2,NoDeviceId,OFF,Manual,Active,None,000000000072b3c3,000000000001fbbd,1,1,1,None,0,FALSE,0000000000000012,FALSE
as1i49FjldEOTawTd-dM0og,2024-05-22 18:39,2024-05-22 22:39:13.320000+00:00,bB2,NoDeviceId,OFF,Manual,Active,None,000000000072fc44,000000000001fd03,1,1,1,None,0,FALSE,00000000000000e9,FALSE
aGWe2ci-OaUWXOi0gGh85Ig,2024-05-21 19:20,2024-05-21 23:20:32.660000+00:00,bB5,NoDeviceId,OFF,Manual,Active,None,000000000072b076,000000000001fbb4,1,1,1,None,0,FALSE,0000000000000011,FALSE
acQI-ydEAukmWLc_51egWog,2024-05-22 19:48,2024-05-22 23:48:50.370000+00:00,bB5,NoDeviceId,OFF,Manual,Active,None,000000000072ffa4,000000000001fd1e,1,1,1,None,0,FALSE,00000000000000e8,FALSE
aBqyQyMFWPkKWu2GEbnSyVQ,2024-05-22 18:49,2024-05-22 22:49:07.257000+00:00,bB7,NoDeviceId,OFF,Manual,Active,None,000000000072fc74,000000000001fd07,1,1,1,None,0,FALSE,0000000000000080,FALSE
a5pDaZo9rbkuXL3tgit4pUg,2024-05-22 20:24,2024-05-23 00:24:40.990000+00:00,bB7,NoDeviceId,OFF,Manual,Active,None,00000000007301e5,000000000001fd24,1,1,1,None,0,FALSE,00000000000000e0,FALSE
aaEGLCtS7wkOVn2HdHjwRQw,2024-05-21 8:17,2024-05-21 12:17:22.127000+00:00,bC0,b71,OFF,Manual,Active,None,0000000000729fc7,0000000000006fe7,1,1,1,None,0,FALSE,0000000000000037,FALSE
awVR017pmXEi7zb4icd4nUQ,2024-05-22 8:45,2024-05-22 12:45:42.183000+00:00,bC0,b71,OFF,Manual,Active,None,000000000072e973,000000000000701e,1,1,1,None,0,FALSE,00000000000000d6,FALSE
ad50L7BatwUqZMJNr3t57aA,2024-05-23 7:05,2024-05-23 11:05:43.863000+00:00,bC0,b71,OFF,Manual,Active,None,00000000007334e2,000000000000705c,1,1,1,None,0,FALSE,000000000000003f,FALSE
aQ7QGreXqf02HMm9LdTIcpQ,2024-05-22 0:19,2024-05-22 04:19:33.087000+00:00,bC1,b2B,OFF,Manual,Active,None,000000000072ca75,0000000000005f8d,1,1,1,None,0,FALSE,000000000000004e,FALSE
azIOmDwRb4E6xjKkIu0ZxAQ,2024-05-22 0:46,2024-05-22 04:46:36.323000+00:00,bC1,b2B,OFF,Manual,Active,None,000000000072ca7d,0000000000005f8c,1,1,1,None,0,FALSE,0000000000000066,FALSE
auzdvZwi7i0mQEWEDAmhdgw,2024-05-22 5:19,2024-05-22 09:19:49.212000+00:00,bC1,b2B,OFF,Manual,Active,None,000000000072fb28,0000000000005f9d,1,1,1,None,0,FALSE,000000000000002e,FALSE
a0SRfg5rFYEybugTvPBhQtg,2024-05-22 20:08,2024-05-23 00:08:20.220000+00:00,bC1,b2B,OFF,Manual,Active,None,00000000007304d7,0000000000005fae,1,1,1,None,0,FALSE,0000000000000086,FALSE
axp_xHdQRfkOc5FUAXXLuEw,2024-05-23 1:27,2024-05-23 05:27:20.977000+00:00,bC1,b2B,OFF,Manual,Active,None,00000000007319b4,0000000000005fda,1,1,1,None,0,FALSE,00000000000000b6,FALSE
a7fZ-kMPknE6Ms96aKhnLkA,2024-05-22 4:36,2024-05-22 08:36:08.030000+00:00,bC3,b58,OFF,Manual,Active,None,0000000000730145,0000000000007caf,1,1,1,None,0,FALSE,000000000000004e,FALSE
aje1Go0OJMUSAS_irzTFv4A,2024-05-23 3:08,2024-05-23 07:08:49.063000+00:00,bC3,b58,OFF,Manual,Active,None,0000000000732103,0000000000007cd3,1,1,1,None,0,FALSE,000000000000006e,FALSE
aSwzkLmmc0EarERg95qw1Sg,2024-05-21 8:09,2024-05-21 12:09:57.254000+00:00,bCD,bF,OFF,Manual,Active,None,000000000072df0b,0000000000009a40,1,1,1,None,0,FALSE,000000000000008d,FALSE
aSxkfOHGNyECjcOZOWzR1OA,2024-05-22 6:34,2024-05-22 10:34:37.227000+00:00,bCD,bF,OFF,Manual,Active,None,000000000073054b,0000000000009a66,1,1,1,None,0,FALSE,00000000000000e5,FALSE
aed3rMPItKUGbwCVk5rPZmQ,2024-05-23 9:17,2024-05-23 13:17:41.357000+00:00,bCD,bF,OFF,Manual,Active,None,0000000000733e18,0000000000009abe,1,1,1,None,0,FALSE,00000000000000e5,FALSE
aNXENzwN2x0qJFG0ng-H6og,2024-05-21 13:55,2024-05-21 17:55:22.297000+00:00,bCF,b2C,OFF,Manual,Active,None,000000000072a8a4,00000000000044a3,1,1,1,None,0,FALSE,0000000000000085,FALSE
a41OqWqbrxUC05p7o6WQdCQ,2024-05-22 18:16,2024-05-22 22:16:39.557000+00:00,bCF,b45,OFF,Manual,Active,None,0000000000731be5,0000000000003b8e,1,1,1,None,0,FALSE,0000000000000036,FALSE
a9QjF2VtpiEOIwK82S0Ck3g,2024-05-21 10:57,2024-05-21 14:57:05.344000+00:00,bD2,NoDeviceId,OFF,Manual,Active,None,000000000072a42a,000000000001fb3f,1,1,1,None,0,FALSE,00000000000000d8,FALSE
ahtdenVhJI0WyTNNwOmcIDQ,2024-05-22 8:49,2024-05-22 12:49:41.930000+00:00,bD2,NoDeviceId,OFF,Manual,Active,None,000000000072e9ff,000000000001fc56,1,1,1,None,0,FALSE,00000000000000d0,FALSE
ahz_KxsdjZUGVosK1WlgPfQ,2024-05-23 10:04,2024-05-23 14:04:17.284000+00:00,bD2,NoDeviceId,OFF,Manual,Active,None,0000000000734159,000000000001fdad,1,1,1,None,0,FALSE,00000000000000c0,FALSE
aDnpLKOz_t0-MulNU-4xauA,2024-05-22 4:38,2024-05-22 08:38:35.920000+00:00,bD6,NoDeviceId,OFF,Manual,Active,None,000000000072d7de,000000000001fc0c,1,1,1,None,0,FALSE,00000000000000a8,FALSE
aEGn0Gc68a0edKjbkbgX5FA,2024-05-22 8:33,2024-05-22 12:33:22.443000+00:00,bDA,b175,OFF,Manual,Active,None,000000000072e8aa,0000000000006570,1,1,1,None,0,FALSE,0000000000000066,FALSE
aM8eK3fLx3kunffoOV2kDSA,2024-05-23 9:01,2024-05-23 13:01:26.468000+00:00,bDA,b175,OFF,Manual,Active,None,0000000000733cd9,00000000000065ac,1,1,1,None,0,FALSE,000000000000006e,FALSE
ah4rxjQ8e0Uyw5H9TaLJamw,2024-05-21 23:12,2024-05-22 03:12:25.573000+00:00,bDB,b81,OFF,Manual,Active,None,000000000072d7ba,00000000000080a5,1,1,1,None,0,FALSE,000000000000004e,FALSE
amEcGeEa5VkSLYDSwAhjiQg,2024-05-22 4:38,2024-05-22 08:38:20.247000+00:00,bDB,b81,OFF,Manual,Active,None,000000000072dad5,00000000000080d8,1,1,1,None,0,FALSE,000000000000000e,FALSE
aiC4xLuUlNUO-JmG7YXY6Dw,2024-05-22 21:35,2024-05-23 01:35:59.503000+00:00,bDB,b81,OFF,Manual,Active,None,000000000073297d,00000000000080e1,1,1,1,None,0,FALSE,0000000000000026,FALSE
aKeWZjCEdGEmHoHRmTYfOww,2024-05-23 2:00,2024-05-23 06:00:47.173000+00:00,bDB,b81,OFF,Manual,Active,None,0000000000732980,0000000000008104,1,1,1,None,0,FALSE,0000000000000076,FALSE
aFkwWZO99FkW9Ke4npQN7XA,2024-05-23 3:33,2024-05-23 07:33:34.493000+00:00,bDB,b81,OFF,Manual,Active,None,0000000000732985,000000000000810f,1,1,1,None,0,FALSE,000000000000000e,FALSE
af16AB7pzLU2JgelVdiPFdw,2024-05-23 5:08,2024-05-23 09:08:56.363000+00:00,bDB,b81,OFF,Manual,Active,None,0000000000732c78,0000000000008116,1,1,1,None,0,FALSE,00000000000000cd,FALSE
aMeootgHgzEiVs4lLLnyW0w,2024-05-21 9:12,2024-05-21 13:12:44.880000+00:00,bDD,NoDeviceId,OFF,Manual,Active,None,000000000072a1de,000000000001fb2c,1,1,1,None,0,FALSE,00000000000000a8,FALSE
axPvuqfuCdEOH6D9FLkwMzA,2024-05-22 11:52,2024-05-22 15:52:23.657000+00:00,bDD,NoDeviceId,OFF,Manual,Active,None,000000000072f3eb,000000000001fc89,1,1,1,None,0,FALSE,0000000000000048,FALSE
a8IKV9YtTG0eWwp8WMIaeOg,2024-05-23 8:29,2024-05-23 12:29:48.237000+00:00,bDD,NoDeviceId,OFF,Manual,Active,None,0000000000733a9b,000000000001fda2,1,1,1,None,0,FALSE,0000000000000010,FALSE
a9bSqBBJ1MkK7vLzk232SOg,2024-05-21 16:11,2024-05-21 20:11:12.287000+00:00,bDE,b55,OFF,Manual,Active,None,000000000072cb2b,0000000000007298,1,1,1,None,0,FALSE,00000000000000b6,FALSE
aD0fy9XlkskGIENMxTcFttA,2024-05-21 16:24,2024-05-21 20:24:55.187000+00:00,bDE,b55,OFF,Manual,Active,None,000000000072cb2d,000000000000729d,1,1,1,None,0,FALSE,000000000000000e,FALSE
a3t8O3KKn6EaI--SuftgzBQ,2024-05-21 19:40,2024-05-21 23:40:47.833000+00:00,bDE,b55,OFF,Manual,Active,None,000000000072cb32,00000000000072a9,1,1,1,None,0,FALSE,000000000000001e,FALSE
aEisN242xwkC87P5frNc6kw,2024-05-22 1:14,2024-05-22 05:14:20.243000+00:00,bDE,b55,OFF,Manual,Active,None,0000000000732b0b,00000000000072d6,1,1,1,None,0,FALSE,0000000000000066,FALSE
aobUaeTKOuEm9vq0g2w16jA,2024-05-22 1:22,2024-05-22 05:22:46.517000+00:00,bDE,b55,OFF,Manual,Active,None,0000000000732b0d,00000000000072db,1,1,1,None,0,FALSE,000000000000001e,FALSE
afg0vL_XTakG-e52dJgUM5w,2024-05-22 16:03,2024-05-22 20:03:23.547000+00:00,bDE,b55,OFF,Manual,Active,None,0000000000732b0f,00000000000072e0,1,1,1,None,0,FALSE,0000000000000056,FALSE
aIG3kr7ZUnkWXjDzSf3pK5A,2024-05-22 16:28,2024-05-22 20:28:11.007000+00:00,bDE,b55,OFF,Manual,Active,None,0000000000732b11,00000000000072e3,1,1,1,None,0,FALSE,0000000000000076,FALSE
alytFLSWvM0Skey7M8Mp4YQ,2024-05-22 17:31,2024-05-22 21:31:02.037000+00:00,bDE,b55,OFF,Manual,Active,None,0000000000732b14,00000000000072e8,1,1,1,None,0,FALSE,000000000000004e,FALSE
a0gSnpsk2rkST9q64zbk6vg,2024-05-22 19:42,2024-05-22 23:42:45.567000+00:00,bDE,b55,OFF,Manual,Active,None,0000000000732b17,00000000000072ed,1,1,1,None,0,FALSE,0000000000000026,FALSE
aszuoN1Q38U-IF3QMi9CWVw,2024-05-23 5:23,2024-05-23 09:23:58.757000+00:00,bDE,NoDeviceId,OFF,Manual,Active,None,0000000000732b1c,000000000001fd75,1,1,1,None,0,FALSE,00000000000000ef,FALSE
aUEE9uERY10qagDbwfwIWXQ,2024-05-21 11:57,2024-05-21 15:57:35.740000+00:00,bE1,b7F,OFF,Manual,Active,None,000000000072abc8,00000000000066cf,1,1,1,None,0,FALSE,00000000000000cd,FALSE
abiY-wk-ixUmz030CgKykxw,2024-05-22 10:29,2024-05-22 14:29:49.877000+00:00,bE1,b7F,OFF,Manual,Active,None,000000000072f06f,0000000000006700,1,1,1,None,0,FALSE,00000000000000ed,FALSE
aTuPenTG0v0q_tAb1FStHCw,2024-05-22 10:30,2024-05-22 14:30:11.987000+00:00,bE1,b7F,OFF,Manual,Active,None,000000000072f076,0000000000006703,1,1,1,None,0,FALSE,0000000000000056,FALSE
af6_HLpFzLESLkz5HSGN55Q,2024-05-23 8:49,2024-05-23 12:49:18.837000+00:00,bE1,b7F,OFF,Manual,Active,None,0000000000733bfe,0000000000006744,1,1,1,None,0,FALSE,00000000000000d5,FALSE
af7SHBOh03U6LTkDj5qTPoA,2024-05-23 8:49,2024-05-23 12:49:41.417000+00:00,bE1,b7F,OFF,Manual,Active,None,0000000000733c05,0000000000006747,1,1,1,None,0,FALSE,0000000000000036,FALSE
at4SqL4-jqUC8wvyXI5EexA,2024-05-21 16:21,2024-05-21 20:21:34.713000+00:00,bE2,b62,OFF,Manual,Active,None,000000000072ebc8,0000000000004ffe,1,1,1,None,0,FALSE,000000000000003f,FALSE
aXY--Y8hHYUuiU4RVg5gYow,2024-05-22 17:38,2024-05-22 21:38:34.930000+00:00,bE2,b62,OFF,Manual,Active,None,0000000000733806,0000000000005023,1,1,1,None,0,FALSE,000000000000008e,FALSE
a3BpOoKouJ0-4R8eV7Ngipg,2024-05-23 1:01,2024-05-23 05:01:36.843000+00:00,bE4,b14F,OFF,Manual,Active,None,000000000073182a,0000000000006e9f,1,1,1,None,0,FALSE,000000000000000e,FALSE
aFkGC4vka8UuR78yI4a8Zcw,2024-05-22 2:53,2024-05-22 06:53:18.130000+00:00,bE6,b3B,OFF,Manual,Active,None,000000000072f856,0000000000006307,1,1,1,None,0,FALSE,0000000000000026,FALSE
azshMT1oip06PJgfgU1NUQQ,2024-05-22 2:53,2024-05-22 06:53:30.207000+00:00,bE6,b3B,OFF,Manual,Active,None,000000000072f861,000000000000630b,1,1,1,None,0,FALSE,0000000000000076,FALSE
ao0V9S1R-IkeO61MI43fA-Q,2024-05-22 20:24,2024-05-23 00:24:18.070000+00:00,bE6,b3B,OFF,Manual,Active,None,0000000000731851,0000000000006324,1,1,1,None,0,FALSE,000000000000006e,FALSE
apL3me-IsokWDuPg4aSS-LQ,2024-05-23 5:47,2024-05-23 09:47:50.692000+00:00,bE6,b3B,OFF,Manual,Active,None,0000000000732c63,0000000000006339,1,1,1,None,0,FALSE,000000000000003e,FALSE
aFJBLKbFT20msmEdy3KG5-Q,2024-05-23 5:48,2024-05-23 09:48:01.647000+00:00,bE6,b3B,OFF,Manual,Active,None,0000000000732c66,000000000000633c,1,1,1,None,0,FALSE,0000000000000026,FALSE
aSi1wQAlegUqs04rflilM3w,2024-05-22 0:59,2024-05-22 04:59:56.323000+00:00,bE7,b7A,OFF,Manual,Active,None,000000000072c9bb,000000000000661c,1,1,1,None,0,FALSE,00000000000000f5,FALSE
apv1CHcxRl0iZWA33r6ZJ5w,2024-05-23 5:14,2024-05-23 09:14:23.863000+00:00,bE7,b7A,OFF,Manual,Active,None,0000000000732aee,0000000000006654,1,1,1,None,0,FALSE,000000000000002e,FALSE
aWSy3jP3-4EC5n3YGmcsi1g,2024-05-21 9:07,2024-05-21 13:07:06.673000+00:00,bE8,b36,OFF,Manual,Active,None,0000000000730185,0000000000005232,1,1,1,None,0,FALSE,000000000000009e,FALSE
a-mW3-4-bnkWEfdQhVrWenw,2024-05-22 21:54,2024-05-23 01:54:05.553000+00:00,bE8,b36,OFF,Manual,Active,None,0000000000732077,000000000000523b,1,1,1,None,0,FALSE,000000000000009e,FALSE
azg6qBKHHD0aFk-PPwfLtZw,2024-05-22 14:26,2024-05-22 18:26:44.963000+00:00,bEB,NoDeviceId,OFF,Manual,Active,None,000000000072f6ce,000000000001fca0,1,1,1,None,0,FALSE,0000000000000000,FALSE
aFFKs4xwQ4kKl8DXaPxnIJQ,2024-05-21 17:47,2024-05-21 21:47:10.040000+00:00,bEE,b6C,OFF,Manual,Active,None,000000000072ac87,000000000000701d,1,1,1,None,0,FALSE,00000000000000f5,FALSE
aOqGBPmnIikq2_KEHaEk9zw,2024-05-22 18:01,2024-05-22 22:01:34.385000+00:00,bEE,NoDeviceId,OFF,Manual,Active,None,000000000072fb92,000000000001fcf8,1,1,1,None,0,FALSE,00000000000000b0,FALSE
axCq8I-nnOEqLlqSVW59StA,2024-05-21 8:33,2024-05-21 12:33:41.147000+00:00,bF4,b91,OFF,Manual,Active,None,000000000072a09e,00000000000071e2,1,1,1,None,0,FALSE,00000000000000f6,FALSE
aRoNe-6XP902y6Tvl2oxC6Q,2024-05-22 11:06,2024-05-22 15:06:26.557000+00:00,bF4,b91,OFF,Manual,Active,None,0000000000730c9d,0000000000007212,1,1,1,None,0,FALSE,00000000000000ae,FALSE
ah6ws0o8yXEmRCbbu1vEw_g,2024-05-23 6:21,2024-05-23 10:21:33.097000+00:00,bF4,b91,OFF,Manual,Active,None,0000000000733d71,000000000000723a,1,1,1,None,0,FALSE,00000000000000e6,FALSE
aWj4Ncg8b70O9LR6PkfsrDA,2024-05-21 17:57,2024-05-21 21:57:47.573000+00:00,bF9,NoDeviceId,OFF,Manual,Active,None,000000000072acaf,000000000001fba1,1,1,1,None,0,FALSE,00000000000000b8,FALSE
aOxrHQDW28EOdKMrpu8Wkqw,2024-05-22 17:55,2024-05-22 21:55:37.143000+00:00,bF9,NoDeviceId,OFF,Manual,Active,None,000000000072fb59,000000000001fcf3,1,1,1,None,0,FALSE,00000000000000a8,FALSE
aKwrqBlAodk-P2bmweUVEyA,2024-05-21 16:45,2024-05-21 20:45:35.547000+00:00,b10B,NoDeviceId,OFF,Manual,Active,None,000000000072aaf5,000000000001fb84,1,1,1,None,0,FALSE,00000000000000d1,FALSE
aAOwkB-XasUSOi7UGwg93OQ,2024-05-22 16:38,2024-05-22 20:38:18.913000+00:00,b10B,NoDeviceId,OFF,Manual,Active,None,000000000072f9e1,000000000001fcc9,1,1,1,None,0,FALSE,0000000000000088,FALSE
aXrjADAEKuUuBVEhjrGshOQ,2024-05-21 13:06,2024-05-21 17:06:55.987000+00:00,b11E,NoDeviceId,OFF,Manual,Active,None,000000000072e3de,000000000001fb65,1,1,1,None,0,FALSE,00000000000000b0,FALSE
akek2IFpVIkeZR6oGYNG2TA,2024-05-22 12:58,2024-05-22 16:58:40.350000+00:00,b11E,NoDeviceId,OFF,Manual,Active,None,0000000000733663,000000000001fc8c,1,1,1,None,0,FALSE,00000000000000b8,FALSE
aD021Jqejw0SwQcrVxhMkxw,2024-05-22 2:03,2024-05-22 06:03:22.243000+00:00,b11F,b75,OFF,Manual,Active,None,000000000072d036,0000000000003912,1,1,1,None,0,FALSE,00000000000000f6,FALSE
awGnIjgOwWkWHxzYnAJ0AYg,2024-05-23 0:53,2024-05-23 04:53:50.721000+00:00,b11F,b75,OFF,Manual,Active,None,0000000000731a09,0000000000003929,1,1,1,None,0,FALSE,000000000000009e,FALSE
a9V__tGe6QkSAz8jbpFGrOQ,2024-05-21 10:28,2024-05-21 14:28:01.160000+00:00,b120,NoDeviceId,OFF,Manual,Active,None,000000000072a374,000000000001fb31,1,1,1,None,0,FALSE,0000000000000089,FALSE
aWgtBtFOZV0208gyM3p1zGg,2024-05-22 16:38,2024-05-22 20:38:08.930000+00:00,b120,b3C,OFF,Manual,Active,None,0000000000732964,000000000000509b,1,1,1,None,0,FALSE,00000000000000de,FALSE
aggE4I9WjRka7_mH-nCdwMQ,2024-05-22 12:23,2024-05-22 16:23:06.440000+00:00,b12D,b2C,OFF,Manual,Active,None,000000000072f496,00000000000044c1,1,1,1,None,0,FALSE,000000000000005e,FALSE
aqQYDRicy9U2YKC9S_FFf1g,2024-05-22 12:23,2024-05-22 16:23:51.617000+00:00,b12D,b2C,OFF,Manual,Active,None,000000000072f4a6,00000000000044c5,1,1,1,None,0,FALSE,000000000000005e,FALSE
aOS7bGF3HmkiwQEyV4yltcg,2024-05-23 8:15,2024-05-23 12:15:29.573000+00:00,b12D,b2C,OFF,Manual,Active,None,00000000007339d2,00000000000044e1,1,1,1,None,0,FALSE,0000000000000076,FALSE
agZV9Q14bnEqh8J6GyJHsvg,2024-05-23 8:16,2024-05-23 12:16:42.940000+00:00,b12D,b2C,OFF,Manual,Active,None,0000000000733c90,00000000000044e5,1,1,1,None,0,FALSE,0000000000000056,FALSE
a3CSUcrc2gEy96YRKTkoi7g,2024-05-21 17:04,2024-05-21 21:04:55.670000+00:00,b136,b17C,OFF,Manual,Active,None,000000000072abb9,0000000000005f5f,1,1,1,None,0,FALSE,0000000000000096,FALSE
aNJjz3Hl-Kk2uxe5DgHxfYA,2024-05-22 19:52,2024-05-22 23:52:27.277000+00:00,b136,b488,OFF,Manual,Active,None,00000000007306fb,0000000000000be6,1,1,1,None,0,FALSE,0000000000000086,FALSE
aAsIflubpsUWB-Zn8Ll-nrg,2024-05-22 5:58,2024-05-22 09:58:37.997000+00:00,b13C,NoDeviceId,OFF,Manual,Active,None,000000000072dd7a,000000000001fc28,1,1,1,None,0,FALSE,0000000000000000,FALSE
a-vYIWlvGokm6rg826jqJvw,2024-05-23 1:47,2024-05-23 05:47:41.367000+00:00,b13C,NoDeviceId,OFF,Manual,Active,None,0000000000731b58,000000000001fd4c,1,1,1,None,0,FALSE,00000000000000b0,FALSE
aC6j4K6azfkelm_uRDTw78Q,2024-05-21 9:02,2024-05-21 13:02:57.587000+00:00,b141,NoDeviceId,OFF,Manual,Active,None,000000000072d356,000000000001fb1c,1,1,1,None,0,FALSE,0000000000000029,FALSE
ad8YF7bKOLEGChGWMVIS9DA,2024-05-22 10:00,2024-05-22 14:00:44.790000+00:00,b141,NoDeviceId,OFF,Manual,Active,None,000000000072ee72,000000000001fc79,1,1,1,None,0,FALSE,0000000000000009,FALSE
ach7voZw3OEqUa5_Q_H2vtw,2024-05-23 3:43,2024-05-23 07:43:19.523000+00:00,b141,NoDeviceId,OFF,Manual,Active,None,000000000073235e,000000000001fd5c,1,1,1,None,0,FALSE,00000000000000e8,FALSE
aBlfHX8Vva0-4_lBDn0WCxw,2024-05-21 13:37,2024-05-21 17:37:35.463000+00:00,b148,NoDeviceId,OFF,Manual,Active,None,000000000072a810,000000000001fb6d,1,1,1,None,0,FALSE,0000000000000031,FALSE
aBSS5DgdvjkKyLJkRQoge5Q,2024-05-22 16:06,2024-05-22 20:06:08.160000+00:00,b148,NoDeviceId,OFF,Manual,Active,None,000000000072f911,000000000001fcc0,1,1,1,None,0,FALSE,0000000000000051,FALSE
aslm-5g8db0OFkZWBgBu9rA,2024-05-22 9:39,2024-05-22 13:39:10.420000+00:00,b14C,NoDeviceId,OFF,OtherUser,Active,None,000000000072fa5c,000000000001fc70,1,1,1,None,0,FALSE,00000000000000f1,FALSE
aK58xR1AjDk22VOhlllIk0A,2024-05-22 17:18,2024-05-22 21:18:39.817000+00:00,b14C,b40,OFF,Manual,Active,None,00000000007317d0,0000000000003243,1,1,1,None,0,FALSE,000000000000008e,FALSE
aknK7Ku0EU0KxYz57keWIpg,2024-05-22 9:42,2024-05-22 13:42:10.003000+00:00,b14F,b59,OFF,Manual,Active,None,00000000007311b5,000000000000528f,1,1,1,None,0,FALSE,000000000000008e,FALSE
aNm9wfeEkgEK6Z_o-eN8u_g,2024-05-22 21:51,2024-05-23 01:51:22.027000+00:00,b14F,b59,OFF,Manual,Active,None,00000000007312d6,0000000000005298,1,1,1,None,0,FALSE,0000000000000096,FALSE
aQW5YD5-meUeDYEs7Fr_29g,2024-05-23 10:44,2024-05-23 14:44:13.494000+00:00,b14F,b59,OFF,Manual,Active,None,00000000007346b2,00000000000052b7,1,1,1,None,0,FALSE,0000000000000046,FALSE
arHP6wTrG3ECq_nXATqMY0Q,2024-05-22 1:32,2024-05-22 05:32:03.850000+00:00,b159,b36A,OFF,Manual,Active,None,000000000072dfad,0000000000002a6b,1,1,1,None,0,FALSE,000000000000009e,FALSE
aLGImUnn2T0C4OL5YnPQzmQ,2024-05-22 6:35,2024-05-22 10:35:08.083000+00:00,b159,b36A,OFF,Manual,Active,None,000000000072e253,0000000000002a87,1,1,1,None,0,FALSE,00000000000000be,FALSE
aOxr8kJFyKEawqwKtIp25TA,2024-05-23 8:32,2024-05-23 12:32:43.167000+00:00,b159,b36A,OFF,Manual,Active,None,0000000000734128,0000000000002ab1,1,1,1,None,0,FALSE,00000000000000b6,FALSE
aE4Jk3p_nV0uo6S2UFqf6EA,2024-05-23 10:03,2024-05-23 14:03:48.990000+00:00,b159,b36A,OFF,Manual,Active,None,0000000000734367,0000000000002ac8,1,1,1,None,0,FALSE,000000000000005e,FALSE
a-oMNqkSPo0eEmPUUeZ1vfQ,2024-05-21 11:44,2024-05-21 15:44:46.110000+00:00,b163,NoDeviceId,OFF,Manual,Active,None,000000000072a570,000000000001fb57,1,1,1,None,0,FALSE,0000000000000001,FALSE
ahhn1tOzh3U-yE7QNnnSb9Q,2024-05-22 13:13,2024-05-22 17:13:31.197000+00:00,b163,NoDeviceId,OFF,Manual,Active,None,000000000072f583,000000000001fc96,1,1,1,None,0,FALSE,0000000000000049,FALSE
aD2bLbNQ2Lk2L_brueNc2rA,2024-05-21 11:38,2024-05-21 15:38:27.187000+00:00,b17A,NoDeviceId,OFF,Manual,Active,None,000000000072a542,000000000001fb4b,1,1,1,None,0,FALSE,0000000000000098,FALSE
aKuFtjuNaR0KhahcedjFLlw,2024-05-22 13:02,2024-05-22 17:02:23.240000+00:00,b17A,NoDeviceId,OFF,Manual,Active,None,000000000072f550,000000000001fc8e,1,1,1,None,0,FALSE,00000000000000c0,FALSE
aTE81IQFK2UyPrjWrcv67fA,2024-05-22 9:23,2024-05-22 13:23:06.720000+00:00,b180,b474,OFF,Manual,Active,None,000000000072ec1f,00000000000018ea,1,1,1,None,0,FALSE,0000000000000027,FALSE
aWv9NzrerFEuGXWzFonczeg,2024-05-21 15:01,2024-05-21 19:01:27.480000+00:00,b18C,b3BD,OFF,Manual,Active,None,000000000072a9e7,00000000000029d3,1,1,1,None,0,FALSE,00000000000000ad,FALSE
a0YkQ8gR4IUSxBG-hntYW9w,2024-05-22 18:18,2024-05-22 22:18:15.103000+00:00,b18C,b3BD,OFF,Manual,Active,None,000000000072fce0,0000000000002a01,1,1,1,None,0,FALSE,00000000000000ad,FALSE
aSewzoPCZJECF_8a9IhP9iw,2024-05-21 8:02,2024-05-21 12:02:10.710000+00:00,b18F,NoDeviceId,OFF,Manual,Active,None,0000000000731a3c,000000000001fb0c,1,1,1,None,0,FALSE,0000000000000021,FALSE
a_74SL1mdvUWiWx17p6uDug,2024-05-22 5:31,2024-05-22 09:31:52.347000+00:00,b18F,NoDeviceId,OFF,Manual,Active,None,0000000000731a4d,000000000001fc1e,1,1,1,None,0,FALSE,0000000000000090,FALSE
a40xz-2-x5kaRZkMYMTsZhA,2024-05-21 12:25,2024-05-21 16:25:23.547000+00:00,b191,NoDeviceId,OFF,Manual,Active,None,000000000072a685,000000000001fb5b,1,1,1,None,0,FALSE,0000000000000061,FALSE
aAZjz86tnGUGJeqZAtRl5_A,2024-05-21 12:25,2024-05-21 16:25:34.770000+00:00,b191,NoDeviceId,OFF,Manual,Active,None,000000000072a687,000000000001fb5d,1,1,1,None,0,FALSE,0000000000000071,FALSE
aNDaGhoUT8UCeJBCBdRzgDg,2024-05-22 15:02,2024-05-22 19:02:11.518000+00:00,b191,NoDeviceId,OFF,Manual,Active,None,000000000072f7bc,000000000001fcaf,1,1,1,None,0,FALSE,0000000000000041,FALSE
aNNj8e5L9SUupH3poNfHmWA,2024-05-21 9:03,2024-05-21 13:03:04.650000+00:00,b194,b8D,OFF,Manual,Active,None,000000000072a17f,00000000000061fb,1,1,1,None,0,FALSE,000000000000008e,FALSE
aUtbDF2lPk0elTf6NWV-1_g,2024-05-22 9:10,2024-05-22 13:10:24.640000+00:00,b194,NoDeviceId,OFF,Manual,Active,None,000000000072eb06,000000000001fc5e,1,1,1,None,0,FALSE,0000000000000041,FALSE
ax1rPULEf5keCIqaIJJS9CQ,2024-05-23 6:20,2024-05-23 10:20:28.553000+00:00,b194,NoDeviceId,OFF,Manual,Active,None,0000000000732ed6,000000000001fd7b,1,1,1,None,0,FALSE,0000000000000059,FALSE
adNSnSGVvu0e_lRQgUh6kaQ,2024-05-22 10:49,2024-05-22 14:49:00.829000+00:00,b195,NoDeviceId,OFF,Manual,Active,None,000000000072f15a,000000000001fc7c,1,1,1,None,0,FALSE,0000000000000001,FALSE
ayqHU5AuxAkmTBZAR1BD3zw,2024-05-23 6:28,2024-05-23 10:28:46.243000+00:00,b195,NoDeviceId,OFF,Manual,Active,None,0000000000732f63,000000000001fd80,1,1,1,None,0,FALSE,0000000000000021,FALSE
agkXclHo5C0id_lO2FuZ0ew,2024-05-21 10:01,2024-05-21 14:01:03.313000+00:00,b196,b488,OFF,Manual,Active,None,000000000072a2ed,0000000000000b8a,1,1,1,None,0,FALSE,00000000000000ce,FALSE
aKhG7DkbtGUGISIfu6ZzWHA,2024-05-22 7:17,2024-05-22 11:17:18.660000+00:00,b196,b488,OFF,Manual,Active,None,000000000072e5f7,0000000000000bb2,1,1,1,None,0,FALSE,00000000000000a6,FALSE
avdLSvEud9UKpVbMdVpna3w,2024-05-23 5:09,2024-05-23 09:09:17.290000+00:00,b196,b488,OFF,Manual,Active,None,0000000000732cbc,0000000000000c1e,1,1,1,None,0,FALSE,0000000000000066,FALSE
aNGWDROo44EWI7lQrvPuZwQ,2024-05-21 13:03,2024-05-21 17:03:45.914000+00:00,b198,NoDeviceId,OFF,Manual,Active,None,000000000072a74b,000000000001fb61,1,1,1,None,0,FALSE,0000000000000021,FALSE
asQfXwxaFHkaeBlp-7koQkg,2024-05-22 7:08,2024-05-22 11:08:24.617000+00:00,b198,NoDeviceId,OFF,Manual,Active,None,000000000072e234,000000000001fc3c,1,1,1,None,0,FALSE,0000000000000009,FALSE
acFJQjoTewEOXiXIy6JPQdg,2024-05-23 7:25,2024-05-23 11:25:02.377000+00:00,b198,NoDeviceId,OFF,Manual,Active,None,0000000000733685,000000000001fd92,1,1,1,None,0,FALSE,0000000000000069,FALSE
aDyTtL4GHoEqD4Jx1DqhPuA,2024-05-21 12:45,2024-05-21 16:45:58.713000+00:00,b19F,b51,OFF,Manual,Active,None,000000000072a7e8,0000000000003a20,1,1,1,None,0,FALSE,000000000000007e,FALSE
aG8ANxe0yZ0Wrhfr26n1Ysg,2024-05-22 16:37,2024-05-22 20:37:06.653000+00:00,b19F,b51,OFF,Manual,Active,None,000000000072f9f6,0000000000003a3a,1,1,1,None,0,FALSE,00000000000000ae,FALSE
ah5WTa28FrkS9GwTuCRB1ug,2024-05-21 8:22,2024-05-21 12:22:00+00:00,b1A4,b351,OFF,Manual,Active,None,000000000072a915,0000000000003f36,1,1,1,None,0,FALSE,0000000000000017,FALSE
aYytH-Pnid0WUZJy1t1fDPA,2024-05-21 14:52,2024-05-21 18:52:56.223000+00:00,b1A4,NoDeviceId,OFF,Manual,Active,None,000000000072a91a,000000000001fb78,1,1,1,None,0,FALSE,0000000000000080,FALSE
amMarul7fI0yoRzd4r_zhSw,2024-05-22 9:12,2024-05-22 13:12:30.027000+00:00,b1A4,NoDeviceId,OFF,Manual,Active,None,000000000072eb46,000000000001fc63,1,1,1,None,0,FALSE,0000000000000001,FALSE
aQvO66FjfmEms76ZkFauaGg,2024-05-23 5:03,2024-05-23 09:03:11.913000+00:00,b1A4,NoDeviceId,OFF,Manual,Active,None,00000000007328ce,000000000001fd6d,1,1,1,None,0,FALSE,0000000000000029,FALSE
aGYyHfnHflESCQGleBXAPCg,2024-05-22 2:11,2024-05-22 06:11:17.167000+00:00,b1A5,NoDeviceId,OFF,Manual,Active,None,0000000000731795,000000000001fbf1,1,1,1,None,0,FALSE,00000000000000f8,FALSE
atYEMuspKk0adB5ZNFCz74g,2024-05-22 18:08,2024-05-22 22:08:23.407000+00:00,b1A5,NoDeviceId,OFF,Manual,Active,None,0000000000731797,000000000001fd00,1,1,1,None,0,FALSE,0000000000000088,FALSE
aL48zMXNJREGO7li6SSEVDQ,2024-05-22 18:08,2024-05-22 22:08:27.500000+00:00,b1A5,NoDeviceId,OFF,Manual,Active,None,0000000000731798,000000000001fcfe,1,1,1,None,0,FALSE,00000000000000a8,FALSE
a3LEA9sTUz0mdiaD-vp4ezg,2024-05-23 0:54,2024-05-23 04:54:01.664000+00:00,b1A5,NoDeviceId,OFF,Manual,Active,None,00000000007317af,000000000001fd44,1,1,1,None,0,FALSE,00000000000000d9,FALSE
aucqtHkqmwEa9HX6yAW-F0w,2024-05-21 13:18,2024-05-21 17:18:03.217000+00:00,b1A6,b64,OFF,Manual,Active,None,000000000072a7c6,00000000000051eb,1,1,1,None,0,FALSE,0000000000000096,FALSE
aP17ra-oi5UmSuRDhnmlHVw,2024-05-22 19:23,2024-05-22 23:23:54.950000+00:00,b1A6,b64,OFF,Manual,Active,None,00000000007336d9,000000000000522e,1,1,1,None,0,FALSE,0000000000000096,FALSE
a84xcnG9MHEOT0jhvT1EXMA,2024-05-23 9:54,2024-05-23 13:54:01.033000+00:00,b1A6,b64,OFF,Manual,Active,None,00000000007340bf,0000000000005242,1,1,1,None,0,FALSE,00000000000000f6,FALSE
a0rfaYYPVtEOdO88nhmTGmQ,2024-05-22 4:39,2024-05-22 08:39:34.233000+00:00,b1AA,NoDeviceId,OFF,Manual,Active,None,000000000072d814,000000000001fc11,1,1,1,None,0,FALSE,0000000000000038,FALSE
a3ghHyzB8BkOytfnXq2-4pQ,2024-05-23 2:52,2024-05-23 06:52:02.298000+00:00,b1AA,NoDeviceId,OFF,Manual,Active,None,0000000000732004,000000000001fd53,1,1,1,None,0,FALSE,0000000000000060,FALSE
ajwIS14yjokSWJ6ng67QcLw,2024-05-21 10:51,2024-05-21 14:51:19.150000+00:00,b1AC,NoDeviceId,OFF,Manual,Active,None,000000000072a3e2,000000000001fb3b,1,1,1,None,0,FALSE,0000000000000040,FALSE
am-WEo7zsC0eHH9Xwol5OkA,2024-05-21 19:33,2024-05-21 23:33:40.997000+00:00,b1AC,b2C6,OFF,Manual,Active,None,000000000072b3d0,00000000000052d6,1,1,1,None,0,FALSE,00000000000000dd,FALSE
a0blG20mE_kqya6Vj4I-GxQ,2024-05-21 19:34,2024-05-21 23:34:19.303000+00:00,b1AC,b2C6,OFF,Manual,Active,None,000000000072b3d7,00000000000052d9,1,1,1,None,0,FALSE,0000000000000095,FALSE
aE_bBdtesdkqV26rgf11e6A,2024-05-22 19:32,2024-05-22 23:32:04.083000+00:00,b1AC,b2C6,OFF,Manual,Active,None,000000000073004c,0000000000005308,1,1,1,None,0,FALSE,00000000000000dd,FALSE
aEhDOW4nyP0iX-LQMJ1U7SA,2024-05-22 19:32,2024-05-22 23:32:35.927000+00:00,b1AC,b2C6,OFF,Manual,Active,None,0000000000730053,000000000000530b,1,1,1,None,0,FALSE,00000000000000fd,FALSE
aXWhuQYJu-UOYFUpQ6oWa5g,2024-05-22 5:17,2024-05-22 09:17:55.247000+00:00,b1AD,b466,OFF,Manual,Active,None,000000000072daec,0000000000001e49,1,1,1,None,0,FALSE,00000000000000f5,FALSE
apzXjq89X7EaE7W2T4lhI-g,2024-05-23 11:01,2024-05-23 15:01:03.743000+00:00,b1AD,b466,OFF,Manual,Active,None,00000000007347cc,0000000000001e80,1,1,1,None,0,FALSE,0000000000000076,FALSE
a03zrqI3mvU2fZXHzgdJHmQ,2024-05-22 20:25,2024-05-23 00:25:10.883000+00:00,b1AE,b179,OFF,Manual,Active,None,0000000000730200,00000000000072f9,1,1,1,None,0,FALSE,0000000000000076,FALSE
aB9yDQwS2cU-g2KnhpwyktA,2024-05-21 13:42,2024-05-21 17:42:04.693000+00:00,b1B2,NoDeviceId,OFF,Manual,Active,None,000000000072a81e,000000000001fb71,1,1,1,None,0,FALSE,0000000000000029,FALSE
aMqX6F7Ju4EimCRPXQ7zZ0g,2024-05-22 7:05,2024-05-22 11:05:40+00:00,b1B2,NoDeviceId,OFF,Manual,Active,None,000000000072e20d,000000000001fc3a,1,1,1,None,0,FALSE,0000000000000079,FALSE
apCoXVZ6WX0GTXtoQ_en5nA,2024-05-23 7:48,2024-05-23 11:48:09.207000+00:00,b1B2,NoDeviceId,OFF,Manual,Active,None,00000000007337c2,000000000001fd98,1,1,1,None,0,FALSE,0000000000000091,FALSE
aljetlgm0o0mJY7kfzxK-cw,2024-05-22 8:00,2024-05-22 12:00:48.217000+00:00,b1B8,NoDeviceId,OFF,Manual,Active,None,000000000072e661,000000000001fc4a,1,1,1,None,0,FALSE,00000000000000c8,FALSE
a-juvduCsY0udBmxj6KxACw,2024-05-21 11:21,2024-05-21 15:21:10.687000+00:00,b1BC,NoDeviceId,OFF,Manual,Active,None,000000000072a4cc,000000000001fb44,1,1,1,None,0,FALSE,00000000000000f0,FALSE
a_yFCZexdhEipZ4sVcH_YrQ,2024-05-22 5:46,2024-05-22 09:46:23.170000+00:00,b1BC,NoDeviceId,OFF,Manual,Active,None,000000000072dcd5,000000000001fc21,1,1,1,None,0,FALSE,0000000000000068,FALSE
aVaATr42LDEmDAw8dD9kQBg,2024-05-21 16:54,2024-05-21 20:54:28.707000+00:00,b1C2,NoDeviceId,OFF,Manual,Active,None,000000000072ab2d,000000000001fb92,1,1,1,None,0,FALSE,0000000000000088,FALSE
aAVXWVHz2OkGvdyEj_g8y_g,2024-05-22 15:03,2024-05-22 19:03:02.770000+00:00,b1C2,NoDeviceId,OFF,Manual,Active,None,000000000072f7da,000000000001fcb3,1,1,1,None,0,FALSE,0000000000000029,FALSE
a5mA_DSGcx0y8tAU5HNS9wQ,2024-05-22 10:48,2024-05-22 14:48:24.563000+00:00,b1C3,b339,OFF,Manual,Active,None,000000000072f31e,00000000000031bf,1,1,1,None,0,FALSE,0000000000000056,FALSE
aoIrnOZxEXkKDn8p6VMWFAQ,2024-05-23 5:46,2024-05-23 09:46:07.807000+00:00,b1C3,b339,OFF,Manual,Active,None,0000000000732e7c,00000000000031df,1,1,1,None,0,FALSE,0000000000000076,FALSE
aw0uCKpqMfEaikTC2I0zlbw,2024-05-21 20:21,2024-05-22 00:21:13.453000+00:00,b1CC,NoDeviceId,OFF,Manual,Active,None,000000000072b4af,000000000001fbc2,1,1,1,None,0,FALSE,00000000000000e8,FALSE
alM3Dw2DtZUyf3BETfzmA5A,2024-05-22 15:55,2024-05-22 19:55:49.476000+00:00,b1CC,NoDeviceId,OFF,Manual,Active,None,000000000072f8d6,000000000001fcbd,1,1,1,None,0,FALSE,0000000000000038,FALSE
aaeduDOzqL06FvxTknXuTaA,2024-05-21 8:01,2024-05-21 12:01:28.727000+00:00,b1CE,NoDeviceId,OFF,Manual,Active,None,0000000000729ec8,000000000001fb08,1,1,1,None,0,FALSE,00000000000000a8,FALSE
alNbq0SoRjkmqP36ENZs5lQ,2024-05-22 3:30,2024-05-22 07:30:39.683000+00:00,b1CE,NoDeviceId,OFF,Manual,Active,None,000000000072d45f,000000000001fbfc,1,1,1,None,0,FALSE,0000000000000070,FALSE
amzeEztF63kqjgzyeO7He3w,2024-05-23 2:52,2024-05-23 06:52:40.933000+00:00,b1CE,NoDeviceId,OFF,Manual,Active,None,0000000000732015,000000000001fd57,1,1,1,None,0,FALSE,0000000000000050,FALSE
amPOWYeNfrEKILIEHj8S59g,2024-05-21 20:42,2024-05-22 00:42:07.943000+00:00,b1D5,b2B8,OFF,Manual,Active,None,000000000072dce6,000000000000502e,1,1,1,None,0,FALSE,0000000000000006,FALSE
aqZyl3oErSUap5Jqy4IIbrw,2024-05-22 14:33,2024-05-22 18:33:01.515000+00:00,b1D5,NoDeviceId,OFF,Manual,Active,None,000000000072f72c,000000000001fca5,1,1,1,None,0,FALSE,00000000000000c8,FALSE
aCt80pARYOE--kFMcWYoSbg,2024-05-21 16:48,2024-05-21 20:48:10.673000+00:00,b1D7,NoDeviceId,OFF,Manual,Active,None,000000000072ab0d,000000000001fb8b,1,1,1,None,0,FALSE,00000000000000c8,FALSE
auFUFv5dT6kKvnvCJYr60KQ,2024-05-22 14:33,2024-05-22 18:33:12.490000+00:00,b1D7,NoDeviceId,OFF,Manual,Active,None,000000000072f737,000000000001fca6,1,1,1,None,0,FALSE,00000000000000e8,FALSE
aRPtzFybly02dYC8NT7ylVQ,2024-05-21 8:14,2024-05-21 12:14:21.523000+00:00,b1D9,b37,OFF,Manual,Active,None,0000000000729fc0,00000000000044a7,1,1,1,None,0,FALSE,00000000000000fe,FALSE
ayBBoGDNmpEiWeoB9lbHAJQ,2024-05-22 7:41,2024-05-22 11:41:03.363000+00:00,b1D9,b37,OFF,Manual,Active,None,000000000072e7ce,00000000000044cf,1,1,1,None,0,FALSE,00000000000000fe,FALSE
a4t1aoVujm0WKiio-gpQcTQ,2024-05-23 5:57,2024-05-23 09:57:45.843000+00:00,b1D9,b37,OFF,Manual,Active,None,0000000000733010,0000000000004518,1,1,1,None,0,FALSE,0000000000000026,FALSE
aYLO5sMW450myFxhrPU1IOw,2024-05-21 16:10,2024-05-21 20:10:12.017000+00:00,b1DA,NoDeviceId,OFF,Manual,Active,None,000000000072aa74,000000000001fb80,1,1,1,None,0,FALSE,0000000000000081,FALSE
a3oBEsU6kaUiBCaz5_uk-OQ,2024-05-22 19:03,2024-05-22 23:03:45.054000+00:00,b1DA,NoDeviceId,OFF,Manual,Active,None,000000000072fd53,000000000001fd14,1,1,1,None,0,FALSE,0000000000000061,FALSE
a_oLPU7sN40-6HdKwcHOhwA,2024-05-21 16:01,2024-05-21 20:01:00.300000+00:00,b1DD,b4,OFF,Manual,Active,None,000000000072aadf,0000000000005c19,1,1,1,None,0,FALSE,00000000000000e6,FALSE
auhdvG2KH5Um1sZVFtUTKUw,2024-05-22 14:57,2024-05-22 18:57:00.188000+00:00,b1DD,NoDeviceId,OFF,Manual,Active,None,000000000072f7a3,000000000001fcac,1,1,1,None,0,FALSE,0000000000000019,FALSE
a6ZrcLgtNF0KIKjrL0EsLCA,2024-05-21 17:15,2024-05-21 21:15:22.127000+00:00,b1DE,b480,OFF,Manual,Active,None,000000000072b5d1,00000000000014b6,1,1,1,None,0,FALSE,000000000000007e,FALSE
aC9V4iN7aB0u8pOXeBSfvPg,2024-05-21 20:38,2024-05-22 00:38:51.467000+00:00,b1DE,NoDeviceId,OFF,Manual,Active,None,000000000072b5d8,000000000001fbc6,1,1,1,None,0,FALSE,0000000000000058,FALSE
aHJL5WcN2T0SavjyX_09w1w,2024-05-22 20:34,2024-05-23 00:34:12.547000+00:00,b1DE,NoDeviceId,OFF,Manual,Active,None,00000000007302eb,000000000001fd26,1,1,1,None,0,FALSE,00000000000000a0,FALSE
a94LI1wcNbkCaUpt8GZI22Q,2024-05-21 12:17,2024-05-21 16:17:38.540000+00:00,b1DF,b370,OFF,Manual,Active,None,000000000072acff,0000000000002364,1,1,1,None,0,FALSE,00000000000000dd,FALSE
au62akSes9Eim9KhcHxj0pA,2024-05-21 15:04,2024-05-21 19:04:35.747000+00:00,b1DF,b370,OFF,Manual,Active,None,000000000072ad06,000000000000236b,1,1,1,None,0,FALSE,000000000000003e,FALSE
a0gWZCWHJgEy72881FVoo0A,2024-05-21 18:20,2024-05-21 22:20:13.297000+00:00,b1DF,NoDeviceId,OFF,Manual,Active,None,000000000072ad09,000000000001fbaa,1,1,1,None,0,FALSE,0000000000000049,FALSE
aUpuEMBSEdEGLkfR35UExHQ,2024-05-22 16:06,2024-05-22 20:06:19.053000+00:00,b1DF,NoDeviceId,OFF,Manual,Active,None,000000000072f929,000000000001fcc4,1,1,1,None,0,FALSE,0000000000000060,FALSE
aU6TVkcmqSkKFxEbjuLUx-A,2024-05-23 11:57,2024-05-23 15:57:06.400000+00:00,b1DF,b370,OFF,Manual,Active,None,0000000000734857,00000000000023b7,1,1,1,None,0,FALSE,00000000000000dd,FALSE
akj6TrkiexkSRNcvLVWPb0g,2024-05-21 10:26,2024-05-21 14:26:02+00:00,b1E0,b484,OFF,Manual,Active,None,000000000072ad38,000000000000143f,1,1,1,None,0,FALSE,000000000000008e,FALSE
aVPsjHtW_nEOHRUJxYctC1g,2024-05-21 17:03,2024-05-21 21:03:12.210000+00:00,b1E0,b380,OFF,Manual,Active,None,000000000072ad3c,0000000000002ea9,1,1,1,None,0,FALSE,0000000000000037,FALSE
amwEDbcx16EyM4vxnYSBdLQ,2024-05-21 18:28,2024-05-21 22:28:00.380000+00:00,b1E0,b380,OFF,Manual,Active,None,000000000072ad49,0000000000002eb0,1,1,1,None,0,FALSE,00000000000000de,FALSE
aNZxqtMAkwEOcpRV5qs4CEw,2024-05-22 5:50,2024-05-22 09:50:45.017000+00:00,b1E0,b484,OFF,Manual,Active,None,000000000072fad0,0000000000001466,1,1,1,None,0,FALSE,0000000000000056,FALSE
ahguh_SlOhkuTxT88Yy5R4Q,2024-05-22 11:19,2024-05-22 15:19:22.027000+00:00,b1E0,b484,OFF,Manual,Active,None,000000000072fad3,0000000000001475,1,1,1,None,0,FALSE,00000000000000be,FALSE
ayE1Qjq1DKUWKtki-pTfjfw,2024-05-22 17:35,2024-05-22 21:35:21.167000+00:00,b1E0,b484,OFF,Manual,Active,None,000000000072fb71,000000000000148a,1,1,1,None,0,FALSE,000000000000008e,FALSE
aX3iVGIACZUypcBDTm3eQ2g,2024-05-23 11:25,2024-05-23 15:25:31.147000+00:00,b1E0,b2B7,OFF,Manual,Active,None,00000000007347b3,0000000000004a35,1,1,1,None,0,FALSE,0000000000000006,FALSE
aba2snxogPkKXB7pD40-t5Q,2024-05-21 18:36,2024-05-21 22:36:37.763000+00:00,b1E2,NoDeviceId,OFF,Manual,Active,None,000000000072d9cf,000000000001fbaf,1,1,1,None,0,FALSE,00000000000000f0,FALSE
aQrTdLsWLCU6r1kp_3hNlzg,2024-05-22 11:53,2024-05-22 15:53:45.040000+00:00,b1E2,b32B,OFF,Manual,Active,None,000000000072f4c9,0000000000003744,1,1,1,None,0,FALSE,000000000000001e,FALSE
a4QCFGGlpa0eePkfmNAMF_Q,2024-05-22 17:40,2024-05-22 21:40:17.127000+00:00,b1E2,NoDeviceId,OFF,Manual,Active,None,000000000072fb1a,000000000001fcf0,1,1,1,None,0,FALSE,0000000000000039,FALSE
a7HVK-gp1_0SxOGqCiEV0GA,2024-05-21 15:55,2024-05-21 19:55:07.690000+00:00,b1E3,NoDeviceId,OFF,Manual,Active,None,000000000072aa2f,000000000001fb7d,1,1,1,None,0,FALSE,0000000000000041,FALSE
a6dJQAzxKQ0S7UJHWYf9zXA,2024-05-22 18:59,2024-05-22 22:59:17.003000+00:00,b1E3,NoDeviceId,OFF,Manual,Active,None,000000000072fd11,000000000001fd11,1,1,1,None,0,FALSE,0000000000000041,FALSE
ac2x9GRsHS0CdHlvQOdDSZg,2024-05-21 17:27,2024-05-21 21:27:31.940000+00:00,b1E6,b36C,OFF,Manual,Active,None,000000000072d4bc,00000000000026a1,1,1,1,None,0,FALSE,0000000000000026,FALSE
aZX_1QOZef0iLh4U7rCRy9A,2024-05-22 10:52,2024-05-22 14:52:37.807000+00:00,b1E6,b466,OFF,Manual,Active,None,000000000072f1c6,0000000000001e5a,1,1,1,None,0,FALSE,000000000000007e,FALSE
aDyFlYT4YlEO7zUP1fBffRw,2024-05-22 16:15,2024-05-22 20:15:54.527000+00:00,b1E8,NoDeviceId,OFF,Manual,Active,None,000000000072fa4f,000000000001fcc8,1,1,1,None,0,FALSE,00000000000000f0,FALSE
ayJRonVm0T0O5VW54E0bwQw,2024-05-23 8:50,2024-05-23 12:50:31.437000+00:00,b1E8,b485,OFF,Manual,Active,None,0000000000733c64,00000000000010e9,1,1,1,None,0,FALSE,000000000000004e,FALSE
a69UoH1WAb02BLTFn5mAaHg,2024-05-21 15:40,2024-05-21 19:40:17.933000+00:00,b1ED,b31A,OFF,Manual,Active,None,000000000072daf8,0000000000004073,1,1,1,None,0,FALSE,000000000000008d,FALSE
aQhCdl3omu0WAZIPAUlFqNA,2024-05-22 16:21,2024-05-22 20:21:08.557000+00:00,b1ED,b31A,OFF,Manual,Active,None,000000000072f986,00000000000040a8,1,1,1,None,0,FALSE,00000000000000cd,FALSE
aOi2b3RxCykuZ9OlbQy8XcA,2024-05-21 22:00,2024-05-22 02:00:55.013000+00:00,b1F0,b1E,OFF,Manual,Active,None,00000000007304a5,0000000000007f6b,1,1,1,None,0,FALSE,00000000000000b6,FALSE
aigFFDP01L0iAbmNexP-L9g,2024-05-22 4:42,2024-05-22 08:42:35.825000+00:00,b1F0,b1E,OFF,Manual,Active,None,00000000007304ad,0000000000007f7f,1,1,1,None,0,FALSE,0000000000000006,FALSE
aNHJkEpwLO0aZwxufF24JPg,2024-05-22 23:29,2024-05-23 03:29:26.060000+00:00,b1F0,b1E,OFF,Manual,Active,None,0000000000731645,0000000000007fa1,1,1,1,None,0,FALSE,000000000000000e,FALSE
aRfAErR11k06N-6uVGlYMww,2024-05-21 14:39,2024-05-21 18:39:27.100000+00:00,b1F3,NoDeviceId,OFF,Manual,Active,None,000000000072a8c7,000000000001fb73,1,1,1,None,0,FALSE,00000000000000b0,FALSE
aJpY7ZH8vo0Oo2J-sAc36YQ,2024-05-22 14:17,2024-05-22 18:17:50.843000+00:00,b1F3,NoDeviceId,OFF,Manual,Active,None,000000000072f6a3,000000000001fc9c,1,1,1,None,0,FALSE,00000000000000f8,FALSE
a9Xl5q4C0h0WtwdCtQludgQ,2024-05-22 4:18,2024-05-22 08:18:53.470000+00:00,b1FD,NoDeviceId,OFF,Manual,Active,None,000000000072d6ce,000000000001fc0a,1,1,1,None,0,FALSE,0000000000000020,FALSE
atR2cf45ahUSxrHrzF4G7ww,2024-05-23 3:57,2024-05-23 07:57:40.147000+00:00,b1FD,b13,OFF,Manual,Active,None,000000000073272a,0000000000005ebe,1,1,1,None,0,FALSE,0000000000000026,FALSE
